restaurant_id,name,city,cuisine,rating,votes,cost_for_two,delivery_time_mins,online_order_pct,table_booking,has_bar,parking_available
1,Express's Desserts Eatery,Delhi,North Indian,4.0,3290,1046,37,0.75,False,True,True
2,Urban's Thai Kitchen,Jaipur,Japanese,2.6,4300,928,59,0.79,True,False,False
3,Modern's Mughlai Express,Pune,Biryani,3.6,2590,561,53,0.54,True,True,True
4,Fusion's Cafe Zone,Hyderabad,Mughlai,4.3,2279,1102,45,0.83,True,True,False
5,Bistro Zone,Jaipur,Italian,4.1,2279,660,23,0.34,False,False,False
6,Urban's Street Food Grill,Bangalore,Italian,4.3,2795,1067,45,0.79,False,False,False
7,Fusion Zone,Kolkata,Biryani,3.4,386,1032,37,0.81,True,False,False
8,Spice's Mughlai Lounge,Chennai,Fast Food,3.6,4470,567,38,0.33,False,False,True
9,Heritage's Desserts Tales,Chennai,Italian,4.0,3729,1266,56,0.93,True,False,False
10,Modern Delight,Hyderabad,Desserts,3.5,3736,1013,34,0.61,True,False,False
11,Heritage Lounge,Mumbai,Italian,4.5,2341,1098,47,0.45,True,True,True
12,Taste Zone,Kolkata,Thai,4.2,2404,1165,37,0.84,True,False,False
13,Fusion Junction,Delhi,Continental,3.1,531,1121,50,0.82,False,False,True
14,Royal's Mughlai World,Kolkata,Mexican,3.9,4169,1087,31,0.74,False,False,True
15,Garden's Italian House,Jaipur,Chinese,3.9,4172,493,52,0.81,True,False,False
16,Classic's Italian Point,Pune,Italian,4.2,86,1016,48,0.81,True,True,False
17,Express Grill,Pune,Mexican,3.5,2552,928,21,0.37,True,False,False
18,Classic Garden,Lucknow,Italian,3.3,741,876,38,0.67,False,True,False
19,Kitchen's Cafe Eatery,Ahmedabad,Fast Food,3.6,2894,581,42,0.66,False,False,True
20,House Corner,Delhi,Thai,4.3,2790,1369,21,0.58,False,False,True
21,Taste's Japanese Point,Delhi,Japanese,4.3,1418,1427,59,0.45,False,False,True
22,House Story,Jaipur,Thai,3.2,4274,959,31,0.49,False,True,False
23,Cafe's Fast Food Junction,Lucknow,Italian,4.2,675,815,40,0.73,True,False,True
24,Cafe's Cafe Zone,Bangalore,Italian,3.6,3930,1214,52,0.41,True,False,False
25,Classic Delight,Hyderabad,Fast Food,3.6,575,453,50,0.6,True,False,False
26,House Corner,Ahmedabad,Biryani,3.5,3625,923,40,0.4,False,True,True
27,Palace's Continental Bites,Jaipur,Continental,4.1,2503,746,26,0.5,True,True,False
28,Express Kitchen,Ahmedabad,Mexican,3.8,1936,836,34,0.36,False,False,True
29,Spice's Thai Junction,Hyderabad,Japanese,3.0,1727,1725,34,0.75,False,False,True
30,Fusion's Biryani Zone,Chennai,Street Food,3.6,4547,720,58,0.81,True,False,False
31,Cafe's Japanese House,Jaipur,North Indian,4.2,3955,623,49,0.36,False,False,False
32,Heritage's Italian Delight,Chennai,Street Food,3.6,1397,417,38,0.43,False,False,False
33,Flavors's Desserts Junction,Bangalore,Continental,4.1,4052,1276,41,0.86,False,False,True
34,Kitchen's Thai Kitchen,Hyderabad,South Indian,3.8,925,894,48,0.58,True,False,True
35,Cafe's South Indian Corner,Mumbai,Mughlai,3.8,744,1280,23,0.35,True,False,True
36,Taste's Fast Food Garden,Chennai,Continental,3.9,3266,1254,21,0.62,True,False,False
37,Flavors's Fast Food Point,Hyderabad,South Indian,4.3,3319,644,47,0.68,True,False,False
38,Heritage's Mexican Eatery,Pune,Japanese,3.4,561,940,57,0.68,False,False,True
39,Express's Chinese Express,Lucknow,Street Food,3.0,3081,450,31,0.92,True,True,True
40,Corner's Cafe Kitchen,Ahmedabad,South Indian,3.2,162,681,51,0.35,False,False,True
41,House's North Indian Express,Mumbai,Chinese,5.0,3372,1191,37,0.67,True,False,True
42,Corner Express,Lucknow,Desserts,2.5,4692,635,30,0.52,True,False,False
43,Golden Hub,Chennai,Desserts,3.6,4256,686,31,0.84,True,False,True
44,House's North Indian House,Chennai,Biryani,3.9,156,879,25,0.66,False,False,True
45,Taste's Japanese Bites,Delhi,Italian,2.8,3346,1626,24,0.73,False,False,False
46,Royal Zone,Ahmedabad,South Indian,4.9,1442,944,50,0.37,True,False,True
47,Heritage's Mexican Garden,Chennai,Thai,3.5,4877,766,29,0.66,True,False,False
48,Palace's Chinese Lounge,Ahmedabad,Desserts,5.0,235,504,53,0.83,True,True,False
49,Classic Kitchen,Ahmedabad,Desserts,3.3,1053,810,45,0.63,True,False,True
50,Palace's Desserts House,Kolkata,Thai,3.8,1490,1201,57,0.41,False,False,False
51,Garden's Mughlai House,Hyderabad,Biryani,3.5,1529,853,58,0.88,True,False,True
52,Golden's Mughlai House,Ahmedabad,South Indian,4.7,4962,892,55,0.88,True,False,False
53,Urban's Desserts Lounge,Jaipur,Japanese,4.0,2374,774,20,0.73,False,False,False
54,Modern's Chinese World,Chennai,North Indian,4.5,3871,1112,23,0.79,True,False,True
55,Taste's Italian Zone,Hyderabad,Continental,3.9,76,1457,57,0.38,False,False,False
56,Corner's Italian Express,Kolkata,Mughlai,4.8,1242,985,26,0.42,True,True,False
57,Flavors's Chinese House,Lucknow,Street Food,4.7,3613,545,21,0.5,True,False,False
58,Golden's Italian Grill,Hyderabad,Chinese,4.2,1022,770,58,0.63,False,False,True
59,Urban's Biryani Corner,Kolkata,Mughlai,3.7,4675,458,26,0.39,False,False,False
60,Urban Lounge,Jaipur,Thai,4.2,1186,1027,24,0.63,False,True,True
61,Royal Point,Jaipur,Chinese,3.3,3842,691,36,0.82,True,False,False
62,Royal House,Ahmedabad,Italian,4.3,1038,607,49,0.39,False,True,False
63,Classic Tales,Bangalore,Street Food,3.5,4866,588,25,0.73,True,True,False
64,Corner's Fast Food Zone,Bangalore,South Indian,4.6,2468,1016,31,0.9,False,True,True
65,Palace's Thai Kitchen,Lucknow,South Indian,3.7,3004,626,25,0.37,True,True,False
66,Express's Italian Eatery,Lucknow,Chinese,3.9,3188,719,36,0.93,True,True,False
67,Golden Spot,Kolkata,Thai,4.9,948,1160,49,0.6,False,False,False
68,Flavors Point,Pune,Street Food,3.4,4031,715,20,0.37,True,True,False
69,Express's Cafe Delight,Jaipur,Italian,3.4,1290,1045,38,0.65,True,False,False
70,Golden Story,Chennai,North Indian,3.2,1201,1144,54,0.69,True,False,True
71,Corner's Italian Zone,Kolkata,Continental,3.5,638,809,57,0.72,True,False,False
72,Classic Garden,Jaipur,South Indian,2.7,2158,532,38,0.46,True,True,False
73,Cafe's Desserts Spot,Delhi,North Indian,3.0,4973,1316,53,0.37,True,False,True
74,Garden's Mexican Kitchen,Kolkata,Mexican,3.1,4092,808,43,0.4,True,True,True
75,Heritage's Street Food Bites,Pune,Italian,4.8,1627,882,56,0.9,True,True,False
76,Taste's South Indian Hub,Delhi,Chinese,4.1,762,797,31,0.4,False,False,True
77,Heritage's Fast Food House,Chennai,Continental,3.0,2724,629,48,0.41,True,True,False
78,Kitchen's Japanese Point,Bangalore,North Indian,3.5,324,943,43,0.74,True,False,False
79,Kitchen's Desserts Express,Kolkata,Street Food,3.9,4149,448,59,0.87,True,False,False
80,Kitchen Express,Kolkata,Chinese,3.4,2547,771,21,0.42,True,False,True
81,Classic Junction,Hyderabad,Thai,5.0,1178,827,45,0.57,False,False,True
82,Modern Tales,Bangalore,Mughlai,3.3,2877,605,34,0.64,False,False,False
83,Classic Garden,Ahmedabad,Mughlai,3.1,511,885,24,0.9,True,False,False
84,Palace's Japanese Point,Ahmedabad,Mughlai,2.8,307,887,53,0.89,True,False,False
85,Corner's Continental Grill,Mumbai,Japanese,3.1,1637,2085,43,0.72,True,True,False
86,House Zone,Ahmedabad,Biryani,3.6,3908,833,25,0.65,True,True,True
87,Garden Point,Ahmedabad,Biryani,3.9,4836,899,53,0.55,True,False,False
88,Kitchen's Cafe Corner,Jaipur,Fast Food,3.9,2340,389,30,0.39,True,False,False
89,Palace Hub,Delhi,Street Food,2.7,867,718,44,0.54,True,False,True
90,Cafe Garden,Mumbai,Street Food,4.3,1201,999,33,0.55,True,True,False
91,Golden's Mughlai Spot,Pune,Japanese,3.2,1215,938,51,0.9,False,False,False
92,House's Street Food Garden,Bangalore,Fast Food,4.8,4746,912,33,0.65,True,True,True
93,Kitchen's North Indian Junction,Mumbai,South Indian,4.8,2471,1346,28,0.65,False,False,False
94,Fusion's Fast Food World,Lucknow,Chinese,3.8,4031,394,31,0.78,False,False,True
95,Golden's Desserts House,Delhi,Mexican,3.1,3007,1398,40,0.39,False,False,True
96,Kitchen's Continental Tales,Delhi,Fast Food,4.5,4310,914,23,0.77,True,False,False
97,Classic's Chinese Tales,Jaipur,Chinese,4.2,2639,875,48,0.92,False,True,True
98,Flavors Kitchen,Bangalore,Japanese,3.5,730,1295,43,0.81,True,False,False
99,Golden's Street Food Hub,Jaipur,Mexican,3.4,4660,970,23,0.68,True,True,False
100,Fusion's Continental Zone,Lucknow,Mexican,3.4,1304,670,44,0.41,False,False,True
101,Taste Zone,Hyderabad,Thai,4.5,88,1094,39,0.64,False,True,False
102,Garden's Mexican Zone,Delhi,North Indian,3.8,2356,1469,51,0.62,True,False,False
103,Urban Spot,Ahmedabad,North Indian,2.6,738,940,53,0.38,True,False,True
104,Urban's Japanese Grill,Chennai,Desserts,4.7,642,715,46,0.57,True,False,True
105,Palace's Fast Food Grill,Pune,Street Food,3.5,1080,636,49,0.88,False,False,True
106,House's Desserts Express,Bangalore,Thai,3.9,1701,1273,30,0.54,False,True,True
107,Royal Lounge,Mumbai,Biryani,3.7,1599,871,58,0.91,True,False,False
108,Fusion's Thai Zone,Ahmedabad,Thai,3.2,781,956,35,0.77,True,False,True
109,Flavors's Continental Eatery,Jaipur,Thai,3.4,4747,1007,34,0.61,False,False,False
110,Kitchen's Desserts Zone,Pune,Continental,3.8,3912,1076,59,0.77,True,False,False
111,Cafe World,Ahmedabad,Italian,4.3,2147,632,30,0.71,True,False,False
112,Express's Chinese Hub,Bangalore,North Indian,2.6,4260,982,43,0.75,False,False,True
113,Cafe's Cafe Express,Kolkata,Mughlai,3.9,523,722,48,0.49,True,False,False
114,Cafe's Street Food Express,Jaipur,Fast Food,2.8,4135,415,37,0.5,True,False,False
115,Spice's Continental Garden,Hyderabad,Chinese,4.1,3704,1102,41,0.95,False,False,True
116,Urban's Italian Express,Chennai,Thai,3.8,597,1121,31,0.84,True,False,True
117,Golden Lounge,Hyderabad,Chinese,4.2,3345,1259,20,0.72,True,False,False
118,Palace's Cafe Hub,Jaipur,Fast Food,4.3,3345,557,55,0.32,True,False,True
119,Corner Hub,Chennai,Desserts,3.4,2293,515,54,0.43,True,True,True
120,Kitchen Lounge,Bangalore,Street Food,3.6,3895,581,46,0.32,True,False,False
121,Palace Point,Jaipur,Japanese,3.7,823,582,52,0.82,True,False,True
122,Bistro Zone,Hyderabad,Desserts,2.9,3049,635,53,0.34,False,True,False
123,Royal's Desserts Tales,Hyderabad,Street Food,4.2,4842,845,24,0.75,False,True,False
124,Express World,Bangalore,Cafe,4.6,3871,861,21,0.43,False,False,True
125,Palace Point,Hyderabad,Mexican,4.6,2763,1092,23,0.4,False,True,True
126,Heritage's South Indian Eatery,Hyderabad,North Indian,2.9,4263,578,27,0.48,True,False,False
127,Palace's Desserts Lounge,Ahmedabad,Italian,4.3,2636,1259,49,0.34,False,False,True
128,Modern's Italian Junction,Ahmedabad,Street Food,3.2,3077,294,21,0.87,False,False,True
129,Fusion's North Indian Tales,Ahmedabad,Fast Food,2.7,2087,387,34,0.42,False,False,True
130,Heritage's North Indian Story,Jaipur,North Indian,3.2,504,697,38,0.81,False,True,False
131,Fusion's Fast Food Lounge,Lucknow,Cafe,3.7,4369,571,37,0.91,False,False,True
132,Flavors's Mughlai Kitchen,Bangalore,Italian,3.6,768,1214,43,0.75,True,False,False
133,Modern's Desserts Eatery,Mumbai,South Indian,3.6,2241,1622,26,0.63,True,False,True
134,Classic's Mexican Junction,Lucknow,Continental,4.0,784,957,38,0.38,True,False,False
135,Golden's Biryani House,Bangalore,Biryani,3.8,4741,822,23,0.58,True,False,True
136,Modern Kitchen,Lucknow,Japanese,4.0,1558,773,45,0.57,False,True,False
137,Classic Kitchen,Bangalore,Japanese,3.3,4208,1083,57,0.51,False,False,False
138,Modern Story,Ahmedabad,Fast Food,3.5,2962,440,36,0.61,True,False,True
139,Corner's Chinese Eatery,Kolkata,Chinese,4.5,521,793,34,0.76,True,True,True
140,Cafe's Cafe Express,Chennai,North Indian,3.6,2850,909,46,0.51,False,True,False
141,Palace's South Indian Express,Ahmedabad,Biryani,3.6,1746,726,27,0.71,False,True,True
142,Express's Thai Hub,Kolkata,Cafe,5.0,2185,923,40,0.78,True,False,True
143,Taste's Fast Food Corner,Jaipur,Biryani,3.9,684,868,54,0.64,False,True,False
144,Golden's Desserts Lounge,Jaipur,Biryani,3.3,2542,517,32,0.84,False,True,True
145,Urban's Cafe Delight,Bangalore,Thai,4.2,4349,1464,52,0.48,True,False,True
146,House Junction,Delhi,Cafe,4.1,325,980,26,0.5,False,False,False
147,Palace Lounge,Lucknow,Italian,2.7,4518,477,37,0.86,True,False,True
148,Golden's Italian Grill,Ahmedabad,Fast Food,4.6,4144,612,26,0.69,False,True,True
149,Fusion's Biryani House,Chennai,South Indian,2.9,2566,758,40,0.95,True,False,False
150,Corner Bites,Mumbai,Mughlai,4.1,4794,1127,32,0.75,True,True,True
151,Express's Continental Hub,Mumbai,Street Food,2.9,3777,764,57,0.31,False,True,True
152,Modern's Biryani Eatery,Jaipur,Italian,4.3,3222,1018,41,0.41,False,True,False
153,Flavors's Fast Food Garden,Pune,Mughlai,3.4,2117,1015,56,0.66,False,False,True
154,Corner's Mexican Grill,Delhi,Chinese,3.3,4946,1365,59,0.39,False,False,False
155,Palace's Street Food Point,Kolkata,Japanese,4.6,4222,959,33,0.79,True,False,False
156,Royal's Mughlai Lounge,Jaipur,Japanese,4.0,446,894,38,0.4,True,False,True
157,Golden Point,Ahmedabad,North Indian,3.2,1258,927,57,0.45,True,False,True
158,Classic's Continental Corner,Pune,Cafe,4.2,271,543,39,0.68,False,True,True
159,Flavors's Mughlai Grill,Mumbai,North Indian,2.4,118,800,30,0.85,False,False,False
160,Palace Eatery,Bangalore,Cafe,3.9,1256,940,45,0.74,False,True,False
161,Spice Express,Delhi,Chinese,3.7,3088,711,48,0.65,False,False,True
162,Classic's Biryani Junction,Lucknow,Fast Food,4.2,1864,605,53,0.61,True,False,False
163,Garden's Fast Food Express,Kolkata,Thai,4.0,3461,1104,34,0.89,True,True,True
164,Golden's Desserts Express,Kolkata,Japanese,3.3,2548,730,54,0.52,False,True,False
165,Garden's Desserts Story,Hyderabad,North Indian,3.3,158,826,59,0.71,True,False,True
166,Corner's North Indian Zone,Chennai,Chinese,3.3,4590,515,33,0.42,True,False,False
167,Modern's Japanese Hub,Ahmedabad,Mughlai,3.7,3059,938,47,0.5,True,False,True
168,Kitchen's North Indian Lounge,Bangalore,Chinese,2.9,2268,1053,20,0.48,False,False,False
169,Flavors's Biryani Corner,Bangalore,Italian,3.3,2652,1438,48,0.7,False,False,False
170,Bistro Express,Ahmedabad,Street Food,4.5,4909,679,50,0.89,False,False,False
171,Palace's Fast Food Kitchen,Jaipur,Italian,2.4,1459,1158,44,0.86,True,False,False
172,Cafe Zone,Bangalore,Cafe,4.2,3920,905,49,0.59,False,True,False
173,Taste Lounge,Delhi,Italian,3.3,4809,1605,36,0.94,True,False,True
174,Spice's Fast Food Junction,Chennai,Mughlai,3.9,4850,1068,49,0.79,False,False,True
175,Taste Kitchen,Jaipur,Italian,3.5,73,590,31,0.81,True,True,False
176,House's Chinese Bites,Delhi,Italian,3.5,252,1858,59,0.6,False,False,True
177,Classic Spot,Chennai,Mexican,2.7,1247,868,22,0.36,True,True,False
178,Cafe Junction,Jaipur,Italian,3.4,3978,872,52,0.9,False,False,False
179,Taste's Desserts Tales,Mumbai,Thai,4.3,1229,868,22,0.33,True,True,False
180,Kitchen's Italian Grill,Mumbai,Street Food,3.2,1894,1130,47,0.76,False,True,False
181,Cafe Hub,Ahmedabad,Fast Food,4.1,90,678,49,0.82,True,False,True
182,House's Chinese World,Lucknow,Desserts,3.9,3710,676,29,0.7,False,False,False
183,Royal's Street Food Bites,Jaipur,Desserts,3.5,2246,332,58,0.74,False,False,True
184,Palace Delight,Lucknow,Italian,4.1,2597,942,36,0.88,False,True,True
185,Express Junction,Hyderabad,Desserts,4.6,1310,604,36,0.53,True,True,True
186,Bistro's Fast Food Bites,Ahmedabad,Street Food,5.0,4271,646,31,0.68,False,False,False
187,House's Desserts Tales,Delhi,Thai,3.6,617,1037,41,0.42,True,False,True
188,Heritage Lounge,Jaipur,Mexican,4.1,4438,815,33,0.77,False,True,True
189,Fusion's Thai Point,Bangalore,Cafe,4.2,2691,1259,45,0.57,True,True,False
190,Modern Tales,Bangalore,Continental,3.7,1516,834,42,0.95,True,False,True
191,Urban Zone,Kolkata,Mughlai,3.0,3686,807,22,0.89,True,False,False
192,Express's Fast Food House,Bangalore,Italian,4.9,1992,1137,25,0.54,False,True,True
193,Flavors's Japanese Tales,Ahmedabad,Mughlai,3.1,1786,532,42,0.59,True,False,False
194,Taste Point,Chennai,Japanese,3.9,137,1552,33,0.57,False,False,True
195,Golden's Mughlai Eatery,Chennai,Mexican,2.8,4813,1123,40,0.48,True,False,False
196,Spice Bites,Kolkata,Desserts,3.8,2727,579,29,0.51,True,False,True
197,Spice's Biryani Corner,Hyderabad,Mughlai,4.1,1564,921,59,0.68,True,True,True
198,Modern's Mexican Corner,Ahmedabad,Chinese,4.0,3724,433,31,0.46,False,False,False
199,Taste's Mughlai Spot,Kolkata,Fast Food,4.3,928,406,33,0.48,True,False,False
200,Golden's Cafe House,Pune,Continental,4.1,4377,768,51,0.81,True,False,False
201,Spice's Mexican World,Pune,Mughlai,4.3,4311,784,57,0.74,True,False,False
202,Fusion Express,Kolkata,Japanese,3.5,4973,1025,27,0.67,True,True,False
203,Kitchen's Continental Garden,Bangalore,Desserts,4.7,2164,953,32,0.63,True,False,False
204,Classic's Biryani Eatery,Delhi,Continental,3.7,4778,939,21,0.92,True,False,False
205,Fusion's Street Food World,Ahmedabad,Chinese,3.3,1503,442,22,0.34,True,False,False
206,Heritage's Cafe Delight,Delhi,Chinese,3.3,1268,892,40,0.5,False,False,True
207,Garden's Cafe Story,Hyderabad,Italian,3.7,4267,806,45,0.34,False,True,True
208,Garden Bites,Bangalore,Thai,3.2,1953,1103,28,0.5,False,False,False
209,Palace Junction,Mumbai,Japanese,3.7,1191,1567,26,0.37,False,True,False
210,Garden Lounge,Chennai,Continental,3.2,58,744,20,0.63,False,True,False
211,Cafe Corner,Delhi,Continental,3.1,194,1143,36,0.81,True,True,True
212,Taste Zone,Delhi,South Indian,3.2,2185,1126,30,0.51,False,False,True
213,Cafe's Biryani Point,Bangalore,Mughlai,2.4,4575,983,54,0.45,True,True,False
214,Urban's North Indian Grill,Chennai,Desserts,4.0,3432,575,57,0.33,True,False,True
215,House Zone,Bangalore,South Indian,3.1,4326,1169,27,0.33,True,False,False
216,Classic's Biryani Tales,Chennai,Cafe,3.7,794,471,56,0.31,True,False,False
217,Express's Italian Junction,Mumbai,North Indian,4.3,4091,750,26,0.7,False,True,False
218,Express Tales,Delhi,Continental,4.4,597,885,42,0.68,True,False,True
219,Express's Thai World,Delhi,Street Food,2.7,2495,464,31,0.7,False,False,True
220,Urban's Italian Garden,Ahmedabad,South Indian,4.1,4274,921,50,0.86,True,False,True
221,Palace Story,Delhi,Mughlai,3.8,1279,1468,42,0.69,True,False,False
222,Garden's Biryani Junction,Ahmedabad,North Indian,4.9,2299,464,34,0.83,True,True,False
223,Kitchen's Cafe Grill,Hyderabad,Mexican,4.3,2763,1226,24,0.44,True,True,True
224,Bistro Grill,Bangalore,Fast Food,4.2,3023,831,32,0.35,True,False,False
225,Express's Fast Food Corner,Mumbai,Italian,4.0,3692,1368,35,0.41,True,False,False
226,Heritage's Cafe Zone,Kolkata,Italian,3.0,144,1244,48,0.78,True,False,False
227,Taste Tales,Pune,Street Food,4.6,664,734,25,0.38,True,False,True
228,Golden's Chinese House,Bangalore,Biryani,3.9,2989,1136,47,0.41,False,True,True
229,Express Delight,Jaipur,South Indian,3.8,650,904,30,0.31,False,True,False
230,Spice's Thai Story,Pune,Continental,4.9,69,1019,43,0.38,True,False,False
231,House Lounge,Jaipur,Street Food,3.9,500,592,36,0.7,True,False,True
232,Golden's Japanese Corner,Kolkata,Cafe,3.7,2704,793,22,0.69,False,True,False
233,Flavors's Mexican Express,Kolkata,Continental,4.1,1750,1017,59,0.31,False,False,True
234,Spice's Chinese Tales,Ahmedabad,Japanese,4.4,4189,709,29,0.87,True,False,True
235,Heritage Lounge,Delhi,North Indian,3.8,3117,1197,27,0.56,True,False,False
236,Cafe Point,Lucknow,Mughlai,4.0,2790,615,49,0.67,True,False,False
237,Spice House,Hyderabad,South Indian,3.7,3602,1248,25,0.63,True,True,True
238,Fusion's Mughlai Kitchen,Hyderabad,Desserts,3.7,2125,480,51,0.64,False,False,False
239,Royal Tales,Bangalore,Fast Food,3.5,4700,506,50,0.56,True,False,False
240,Fusion Story,Jaipur,Continental,3.9,4453,760,25,0.93,False,True,True
241,Modern's Fast Food Hub,Bangalore,Chinese,3.5,3425,759,56,0.89,True,False,False
242,Golden Story,Pune,Japanese,3.1,4301,979,38,0.78,True,False,True
243,Heritage Grill,Hyderabad,Fast Food,3.8,3247,609,36,0.78,True,False,True
244,Classic Bites,Pune,Biryani,2.2,2609,821,51,0.67,False,True,True
245,Corner Bites,Jaipur,North Indian,3.1,3904,859,47,0.82,False,True,True
246,Urban Delight,Kolkata,Biryani,3.6,4334,451,28,0.78,True,False,False
247,Express's Street Food Delight,Jaipur,Cafe,3.6,1091,809,59,0.77,True,True,True
248,Modern Kitchen,Kolkata,Fast Food,3.7,1916,619,35,0.51,True,False,False
249,Classic's Mexican Spot,Jaipur,Japanese,5.0,2878,967,35,0.69,True,True,False
250,Kitchen's Mughlai Junction,Chennai,Mughlai,3.6,2075,852,38,0.43,True,False,False
251,Golden's Biryani Grill,Delhi,Desserts,3.8,1845,855,50,0.41,True,False,False
252,Spice's Street Food Eatery,Kolkata,South Indian,4.1,698,478,33,0.92,True,True,True
253,Bistro's Japanese Point,Jaipur,Mexican,3.2,1031,485,38,0.87,True,False,False
254,Palace's Mexican Junction,Lucknow,Italian,3.4,3779,766,28,0.42,True,False,True
255,Corner's Street Food Corner,Bangalore,Japanese,3.6,332,1364,38,0.33,True,False,False
256,Garden Tales,Ahmedabad,Cafe,3.2,1334,423,58,0.72,True,False,True
257,Corner Eatery,Chennai,Italian,2.7,4423,760,29,0.49,True,False,False
258,Royal's Thai World,Hyderabad,Mughlai,3.7,1299,757,55,0.89,True,True,False
259,Garden's Cafe Point,Ahmedabad,Biryani,4.4,3089,969,34,0.35,False,False,False
260,Fusion Tales,Bangalore,Continental,4.0,4767,1623,32,0.66,False,False,True
261,Modern's Street Food Lounge,Chennai,Continental,2.3,4091,1302,49,0.65,False,True,True
262,Taste's North Indian Tales,Hyderabad,Fast Food,3.6,3102,449,30,0.4,True,False,True
263,Kitchen's Thai Delight,Kolkata,South Indian,4.4,1906,800,40,0.49,False,True,False
264,Fusion's Biryani House,Lucknow,Italian,2.9,3688,989,36,0.79,True,False,False
265,Garden's Chinese Zone,Lucknow,Japanese,3.7,263,642,44,0.38,False,True,True
266,Garden Kitchen,Mumbai,Chinese,3.7,4710,1417,24,0.47,False,False,False
267,Cafe's Mughlai World,Lucknow,Chinese,3.2,3107,446,46,0.59,True,False,True
268,Golden's Japanese Zone,Jaipur,Mexican,3.4,2097,931,48,0.85,True,True,False
269,Flavors's Fast Food Corner,Chennai,Chinese,4.7,2697,870,48,0.46,True,True,False
270,Flavors's Japanese Tales,Pune,Italian,3.6,1279,654,57,0.88,True,False,True
271,Fusion Lounge,Hyderabad,Mughlai,3.5,1675,912,31,0.64,True,True,True
272,Cafe's Chinese Kitchen,Bangalore,Desserts,4.0,2478,1071,37,0.39,True,True,True
273,Modern Hub,Mumbai,Mexican,3.8,953,1796,23,0.92,False,True,True
274,Heritage's Mughlai Point,Delhi,Fast Food,4.0,2436,740,42,0.44,False,True,True
275,Kitchen Kitchen,Hyderabad,South Indian,3.7,4377,561,35,0.9,True,False,True
276,Palace Eatery,Ahmedabad,South Indian,4.3,638,931,44,0.6,False,True,False
277,Express Bites,Kolkata,Thai,4.0,2666,884,46,0.94,False,True,True
278,Cafe's Fast Food Kitchen,Bangalore,Continental,4.0,976,1504,49,0.6,True,True,True
279,Fusion Hub,Kolkata,Italian,4.1,4152,1303,47,0.33,True,False,False
280,Corner's Cafe Kitchen,Ahmedabad,Italian,4.6,1739,587,51,0.7,True,False,False
281,Garden Lounge,Mumbai,Thai,3.8,3204,1703,53,0.9,True,False,True
282,Urban's Fast Food Bites,Hyderabad,Fast Food,3.2,1099,559,45,0.3,True,True,False
283,Modern Tales,Kolkata,Fast Food,3.0,1439,463,55,0.6,True,True,False
284,Heritage House,Jaipur,Desserts,3.8,357,522,26,0.71,True,False,True
285,Golden's Italian Junction,Chennai,Fast Food,3.9,808,852,45,0.77,True,False,False
286,Kitchen's Mughlai Spot,Delhi,Desserts,4.5,1629,787,46,0.69,True,False,True
287,Cafe's Chinese Story,Delhi,Mughlai,4.1,3088,1496,41,0.42,False,False,False
288,Express Junction,Mumbai,Cafe,4.2,1746,1500,53,0.33,False,False,True
289,House's Biryani House,Kolkata,Fast Food,3.0,1483,738,49,0.94,True,False,False
290,Royal Corner,Delhi,South Indian,3.6,3760,1320,46,0.5,False,False,True
291,Cafe's Italian Eatery,Pune,Chinese,4.7,3586,714,49,0.56,False,False,True
292,Heritage Garden,Hyderabad,Fast Food,4.0,3705,485,48,0.63,True,True,True
293,Urban's Biryani House,Mumbai,South Indian,3.9,1685,1122,27,0.52,True,True,False
294,Kitchen Express,Jaipur,South Indian,3.6,3253,631,37,0.38,True,False,True
295,Garden's Biryani Corner,Jaipur,Mexican,4.0,1658,810,25,0.73,False,False,False
296,Fusion House,Bangalore,Japanese,4.0,3294,1832,33,0.43,False,False,True
297,Classic Bites,Jaipur,Desserts,3.5,4701,711,50,0.73,True,True,False
298,Kitchen's Continental Bites,Lucknow,Biryani,3.8,1271,778,31,0.39,True,False,True
299,Corner's Italian House,Ahmedabad,Chinese,4.2,1441,797,56,0.43,True,True,True
300,Royal's Street Food Tales,Kolkata,Japanese,4.2,4556,1088,48,0.92,False,False,False
301,Golden Story,Mumbai,Italian,2.5,3740,1254,32,0.51,True,False,True
302,Golden's Cafe Lounge,Lucknow,Desserts,4.5,3146,517,35,0.75,True,False,True
303,Fusion's Mexican Hub,Pune,South Indian,4.1,2719,736,48,0.7,True,False,False
304,Modern's Continental Eatery,Ahmedabad,Mexican,3.5,4381,570,57,0.86,False,True,True
305,Flavors's North Indian House,Ahmedabad,Japanese,3.2,4290,1013,48,0.71,True,False,True
306,Golden's South Indian Spot,Delhi,Japanese,3.3,2474,1920,29,0.89,False,True,True
307,House House,Chennai,Continental,4.1,1614,1300,57,0.78,True,False,True
308,Urban's Japanese Eatery,Lucknow,Biryani,3.7,4892,471,50,0.61,True,True,False
309,Spice's Thai Lounge,Kolkata,North Indian,3.0,3514,594,44,0.49,True,False,False
310,Express's Mughlai House,Kolkata,Desserts,3.9,3241,617,43,0.57,True,False,False
311,Taste's Japanese Delight,Kolkata,Desserts,4.7,3304,798,31,0.41,True,False,False
312,Kitchen's Mexican Zone,Jaipur,Mughlai,3.8,4309,410,33,0.82,True,False,True
313,Garden's Chinese Express,Hyderabad,Fast Food,4.7,1210,479,47,0.38,True,True,False
314,Golden's North Indian House,Delhi,Mughlai,3.7,3882,1056,59,0.43,False,False,False
315,Urban Garden,Delhi,Fast Food,3.9,180,774,36,0.91,False,False,True
316,Cafe's Chinese Tales,Chennai,South Indian,4.7,3117,940,22,0.39,True,False,False
317,Golden's South Indian Zone,Mumbai,Continental,4.1,1284,1175,39,0.73,False,True,True
318,Fusion's Thai House,Ahmedabad,South Indian,3.0,4430,817,53,0.41,True,False,False
319,Cafe's Street Food Tales,Ahmedabad,Continental,3.6,2556,875,29,0.75,True,False,True
320,Cafe's Chinese Tales,Chennai,Fast Food,3.9,2528,382,59,0.95,True,False,True
321,Cafe's North Indian World,Delhi,Desserts,3.8,574,632,47,0.93,False,False,True
322,Flavors's Japanese Express,Delhi,Italian,4.5,3652,1197,38,0.58,False,False,False
323,Urban's Italian Express,Pune,South Indian,4.2,1875,910,50,0.81,True,False,False
324,House Grill,Kolkata,Desserts,3.0,1799,844,52,0.57,True,False,False
325,House's Japanese Bites,Bangalore,Chinese,4.3,1214,1199,48,0.62,True,False,True
326,Corner Point,Jaipur,Mughlai,3.7,4016,528,25,0.87,True,False,True
327,Express's Fast Food Delight,Ahmedabad,Desserts,4.5,1663,430,32,0.34,True,False,False
328,Royal's Biryani Express,Ahmedabad,Biryani,4.1,2692,546,20,0.58,False,False,False
329,Palace's Mexican Point,Mumbai,Mexican,3.7,539,828,33,0.84,True,True,True
330,Fusion's Mughlai Eatery,Hyderabad,Continental,3.7,3278,670,25,0.86,True,False,True
331,Corner Garden,Pune,North Indian,3.3,2788,824,38,0.36,False,False,True
332,Cafe Garden,Kolkata,North Indian,3.7,4105,777,49,0.47,True,False,True
333,Golden's Fast Food Delight,Delhi,Mexican,3.8,1047,1214,41,0.6,False,False,False
334,Golden's Street Food Grill,Delhi,Cafe,2.4,3763,919,28,0.44,True,True,True
335,Taste's Mexican Bites,Lucknow,Street Food,3.8,4811,291,50,0.41,False,False,False
336,Urban's Japanese Grill,Mumbai,Japanese,4.4,475,1067,52,0.56,True,False,True
337,Royal Junction,Hyderabad,Biryani,4.4,4275,638,59,0.59,False,False,False
338,Urban's Thai Tales,Pune,Japanese,3.9,3285,836,55,0.93,True,False,False
339,Bistro Eatery,Pune,Cafe,2.3,2299,542,44,0.73,True,True,False
340,Corner's Street Food Tales,Kolkata,South Indian,3.6,1142,601,49,0.67,False,False,True
341,Golden's Continental Hub,Ahmedabad,North Indian,3.3,1950,883,34,0.32,True,True,False
342,Urban's Street Food Lounge,Mumbai,Continental,3.6,3567,1935,44,0.62,False,False,True
343,Golden Lounge,Lucknow,Italian,3.7,1477,729,30,0.84,True,True,True
344,Golden's Street Food Express,Kolkata,Chinese,3.3,3801,544,35,0.48,False,False,True
345,Kitchen Spot,Ahmedabad,Desserts,4.1,854,506,38,0.74,True,True,True
346,Classic's Chinese World,Hyderabad,Italian,4.2,2842,1041,20,0.44,True,False,True
347,Corner Story,Mumbai,North Indian,3.6,3879,1340,51,0.88,False,True,True
348,Modern's Continental Kitchen,Hyderabad,Desserts,4.7,901,966,39,0.91,True,False,True
349,Royal Garden,Mumbai,Japanese,4.3,1733,1297,38,0.43,True,False,True
350,Taste's Desserts Delight,Ahmedabad,Continental,3.2,2949,522,28,0.36,True,False,True
351,Royal's Continental Spot,Hyderabad,Italian,3.0,568,1097,40,0.39,True,False,False
352,Fusion's Desserts Zone,Delhi,Continental,3.4,921,982,32,0.53,True,True,False
353,Garden Hub,Lucknow,North Indian,3.3,2649,531,33,0.7,False,False,True
354,Palace's Chinese Hub,Chennai,Desserts,3.5,1360,896,55,0.9,False,False,False
355,Cafe's Fast Food Point,Jaipur,Desserts,2.2,3778,378,22,0.7,True,False,True
356,Golden's Chinese Kitchen,Kolkata,Mexican,3.1,620,626,54,0.79,True,False,True
357,Spice Express,Chennai,South Indian,4.6,3475,867,25,0.33,True,True,False
358,Flavors's Italian Bites,Mumbai,Mughlai,4.1,4983,779,32,0.92,False,False,False
359,Fusion Corner,Ahmedabad,Thai,4.1,4583,1001,56,0.94,False,False,True
360,Bistro's Continental World,Pune,Biryani,3.1,893,819,39,0.93,True,True,True
361,Cafe's North Indian Lounge,Pune,Chinese,3.9,4036,734,51,0.38,True,False,False
362,Heritage Delight,Bangalore,Cafe,4.1,2944,696,27,0.37,True,True,True
363,Flavors's Continental Point,Ahmedabad,Cafe,4.6,203,675,43,0.57,False,True,False
364,Classic's Mughlai Eatery,Jaipur,South Indian,4.4,1825,805,45,0.9,True,False,False
365,Flavors's Mughlai Tales,Jaipur,Thai,2.7,3665,682,50,0.59,True,False,False
366,House's Desserts Bites,Chennai,Mughlai,4.7,1679,770,38,0.73,True,False,False
367,Kitchen's North Indian Story,Hyderabad,North Indian,3.4,1880,770,58,0.55,True,True,False
368,Garden's Chinese Eatery,Chennai,Chinese,4.8,1761,717,26,0.77,True,True,True
369,Kitchen's Chinese World,Delhi,Biryani,3.9,4323,848,51,0.79,False,False,False
370,Classic's Biryani Zone,Delhi,Italian,3.7,2835,1459,53,0.9,True,True,True
371,Urban Kitchen,Jaipur,Street Food,4.2,567,515,59,0.91,False,True,True
372,Heritage Eatery,Ahmedabad,Street Food,3.6,310,333,56,0.68,True,True,True
373,Fusion Tales,Pune,North Indian,3.8,3102,504,57,0.67,True,False,False
374,House's Thai Lounge,Delhi,Italian,3.7,3418,1241,49,0.85,False,False,True
375,Palace's Mexican Corner,Delhi,Continental,2.6,1055,1283,38,0.81,True,True,False
376,Urban Bites,Kolkata,Italian,3.0,77,1271,55,0.54,False,False,False
377,Corner Story,Hyderabad,Thai,4.3,338,844,46,0.8,True,False,True
378,Classic's South Indian Express,Ahmedabad,South Indian,2.5,844,540,41,0.93,True,False,True
379,House's Thai Lounge,Delhi,Cafe,2.9,3969,1271,54,0.69,False,False,False
380,Corner's Biryani Tales,Kolkata,Continental,3.8,978,957,34,0.37,True,True,False
381,Classic's Desserts Point,Ahmedabad,Continental,4.2,2551,827,29,0.94,True,True,True
382,Golden's South Indian Kitchen,Lucknow,North Indian,3.2,2843,796,36,0.54,False,False,True
383,Bistro's Street Food House,Pune,Chinese,3.6,687,555,55,0.84,True,True,True
384,Express Eatery,Ahmedabad,South Indian,4.0,3984,814,32,0.87,False,True,True
385,House's South Indian Eatery,Mumbai,Mexican,3.7,4703,1341,40,0.75,False,False,True
386,Corner's Mughlai Eatery,Chennai,Fast Food,3.3,2345,701,46,0.54,False,False,False
387,House's Mughlai Spot,Ahmedabad,Mexican,2.9,725,486,43,0.64,False,False,False
388,Palace's Japanese World,Delhi,Cafe,2.8,2335,948,25,0.42,True,False,False
389,Golden's Mughlai House,Kolkata,Cafe,2.7,969,457,40,0.56,False,True,True
390,Modern's Thai Lounge,Delhi,Japanese,4.0,4739,1435,58,0.35,False,False,False
391,Royal's Desserts World,Pune,Mughlai,4.2,4954,1037,55,0.58,True,False,False
392,Royal Corner,Delhi,Thai,4.1,3189,1127,21,0.65,True,False,True
393,Flavors's Chinese Eatery,Kolkata,Mexican,3.2,2418,1127,46,0.76,False,False,False
394,Fusion's Thai Garden,Ahmedabad,Cafe,4.3,249,641,56,0.33,True,False,False
395,Cafe Kitchen,Kolkata,Biryani,4.1,3820,952,56,0.34,False,False,True
396,Flavors Eatery,Hyderabad,Fast Food,4.9,631,910,26,0.65,False,False,False
397,Royal's Biryani Junction,Pune,Chinese,3.5,4362,843,48,0.59,True,False,False
398,Heritage Garden,Chennai,Chinese,4.3,2016,627,58,0.5,True,False,False
399,Modern's Thai Zone,Ahmedabad,Japanese,3.6,2592,811,27,0.36,True,False,False
400,Royal's Continental House,Lucknow,Cafe,4.5,4823,379,48,0.84,False,True,True
401,Royal Bites,Pune,Biryani,4.3,3114,1018,34,0.38,False,False,False
402,Taste's Mexican Point,Jaipur,Continental,4.0,4719,655,41,0.65,False,False,True
403,Royal Corner,Chennai,Biryani,4.0,1116,1170,37,0.61,False,False,False
404,Heritage Express,Ahmedabad,Mexican,3.6,3538,993,35,0.54,True,False,True
405,Cafe Delight,Bangalore,Desserts,3.9,614,571,48,0.81,True,True,False
406,Spice's Cafe House,Delhi,Japanese,3.3,433,1162,57,0.7,True,False,True
407,Golden Junction,Lucknow,Continental,3.5,1610,522,54,0.93,True,False,False
408,Flavors's South Indian Grill,Hyderabad,Street Food,4.2,1068,571,40,0.91,False,True,False
409,Golden's Continental Hub,Pune,Fast Food,3.0,251,473,42,0.4,True,False,True
410,Flavors's Mexican Corner,Hyderabad,Cafe,3.5,293,582,27,0.67,False,True,True
411,Fusion's North Indian Bites,Lucknow,North Indian,4.0,1341,617,46,0.43,True,False,False
412,Urban's North Indian Spot,Delhi,Japanese,3.5,3148,1987,44,0.86,False,True,False
413,Classic Grill,Kolkata,South Indian,4.6,681,658,24,0.45,True,False,True
414,Classic's South Indian World,Delhi,Mughlai,4.4,498,1206,57,0.55,True,False,False
415,House's Desserts Spot,Bangalore,Chinese,3.7,662,1032,36,0.51,False,False,True
416,Express Kitchen,Lucknow,Biryani,3.9,954,443,46,0.58,False,False,True
417,Garden's Cafe Corner,Kolkata,Continental,4.4,3849,1059,56,0.91,True,False,False
418,Heritage's South Indian Express,Pune,Biryani,3.2,885,1006,24,0.62,False,False,True
419,Kitchen Bites,Ahmedabad,Chinese,3.9,205,704,57,0.95,True,True,True
420,Taste's Mughlai Grill,Jaipur,North Indian,3.1,2211,656,39,0.57,False,True,True
421,Urban's Chinese Eatery,Jaipur,Biryani,4.0,3682,697,29,0.71,False,False,False
422,Spice's Continental Corner,Chennai,Desserts,4.0,1178,778,59,0.6,True,False,False
423,House's Continental Spot,Pune,Mexican,3.6,1450,862,48,0.83,True,True,True
424,House's North Indian Hub,Jaipur,Street Food,3.7,348,544,51,0.58,False,False,True
425,Classic's Italian Junction,Bangalore,Biryani,3.7,1005,1284,50,0.53,True,False,False
426,Garden Tales,Jaipur,Biryani,4.0,3173,793,46,0.92,False,False,False
427,Royal Point,Delhi,Fast Food,3.3,3015,775,45,0.63,True,False,False
428,Classic's Italian Junction,Jaipur,Thai,3.0,4070,740,38,0.44,True,False,False
429,Heritage Zone,Delhi,Thai,2.7,1780,891,35,0.71,True,True,False
430,Garden's Continental Grill,Jaipur,Japanese,2.4,1032,708,55,0.48,True,False,True
431,Flavors's South Indian Hub,Bangalore,Desserts,5.0,543,1160,52,0.43,True,False,False
432,Spice's South Indian Lounge,Pune,Mexican,4.1,814,758,41,0.87,False,True,True
433,Cafe's Cafe Kitchen,Mumbai,Japanese,4.0,888,1959,53,0.53,True,True,True
434,Express's South Indian Lounge,Lucknow,Japanese,3.0,917,1043,25,0.48,True,False,True
435,Modern Zone,Hyderabad,Biryani,3.4,1943,631,48,0.76,True,False,False
436,Urban Tales,Jaipur,Biryani,3.6,2773,609,39,0.81,True,False,True
437,Classic's Mexican Spot,Bangalore,Chinese,3.1,589,1252,28,0.83,True,True,True
438,Corner's Italian Delight,Kolkata,Mughlai,3.4,2268,653,34,0.41,False,True,True
439,Modern's Fast Food Tales,Mumbai,Mexican,3.7,1749,1205,48,0.79,True,False,True
440,Kitchen's Fast Food Eatery,Ahmedabad,North Indian,5.0,1242,522,30,0.39,True,False,False
441,Cafe's Desserts Garden,Chennai,North Indian,4.1,3519,716,54,0.45,True,False,True
442,Spice's Desserts Bites,Ahmedabad,Mexican,3.9,1877,498,57,0.62,True,False,True
443,Urban's Italian Zone,Ahmedabad,Street Food,3.6,167,632,44,0.7,True,True,False
444,Heritage Delight,Ahmedabad,North Indian,3.7,4994,885,56,0.81,True,True,True
445,Garden Garden,Kolkata,South Indian,4.4,3813,498,48,0.61,False,False,True
446,Taste's Continental Lounge,Mumbai,Desserts,4.2,128,1013,36,0.67,False,False,False
447,Modern's Italian Spot,Ahmedabad,Thai,4.4,3230,1020,59,0.45,True,True,False
448,Royal's Italian House,Hyderabad,Chinese,4.2,587,589,53,0.95,True,True,False
449,Classic's Continental Hub,Delhi,Street Food,4.7,636,1010,26,0.56,True,False,True
450,Spice's Street Food Zone,Mumbai,Mexican,3.7,1606,1659,44,0.91,False,False,True
451,Classic Story,Kolkata,Biryani,2.7,4973,784,44,0.41,False,True,False
452,Classic's Thai World,Kolkata,Continental,2.9,1516,1077,22,0.92,False,False,True
453,Heritage's Continental World,Chennai,Thai,3.6,344,1238,20,0.42,False,False,False
454,Modern's Italian Corner,Lucknow,Desserts,4.3,3422,398,52,0.47,True,False,False
455,Classic's Cafe Express,Hyderabad,Continental,3.6,3858,769,31,0.83,False,False,True
456,Taste Lounge,Lucknow,Street Food,3.2,3404,574,31,0.93,True,False,True
457,Urban's Chinese Grill,Bangalore,Japanese,3.9,76,1321,59,0.46,False,False,True
458,Classic House,Hyderabad,Italian,3.7,2190,1271,50,0.55,True,False,True
459,Garden's Continental Point,Chennai,Mughlai,2.9,4213,654,47,0.67,True,False,False
460,Heritage's Japanese Express,Bangalore,Thai,2.5,71,1502,21,0.44,False,False,True
461,House's Japanese Zone,Lucknow,Chinese,3.7,3657,748,50,0.56,False,False,False
462,Urban Lounge,Pune,Street Food,2.8,490,405,34,0.42,True,True,True
463,Flavors's Japanese Point,Mumbai,Fast Food,3.2,2843,835,37,0.86,True,True,True
464,Palace's Thai House,Kolkata,Mughlai,3.7,2423,893,47,0.94,True,False,True
465,Corner's Japanese Point,Hyderabad,Japanese,4.1,3280,1162,29,0.46,False,False,True
466,Bistro's South Indian Eatery,Kolkata,Cafe,3.2,4620,451,50,0.36,False,False,False
467,Corner Delight,Jaipur,Japanese,4.6,698,691,26,0.6,True,True,False
468,Classic's Desserts Tales,Delhi,Japanese,4.1,967,1160,51,0.89,True,True,False
469,Taste Eatery,Delhi,Japanese,3.6,3200,1251,44,0.47,False,False,True
470,Kitchen's Mughlai Express,Bangalore,Continental,3.8,1406,742,57,0.56,True,False,False
471,Taste Tales,Bangalore,Japanese,5.0,2044,1787,45,0.32,True,False,False
472,House Zone,Delhi,Desserts,4.1,2026,1149,45,0.81,False,False,False
473,Cafe's South Indian Zone,Hyderabad,Fast Food,4.5,1994,899,44,0.85,True,True,False
474,Express Junction,Delhi,Fast Food,4.8,4262,840,22,0.86,False,False,True
475,Palace's North Indian Hub,Mumbai,Cafe,3.1,539,1182,41,0.38,True,False,True
476,Modern's Mughlai Lounge,Kolkata,Street Food,4.0,3811,381,57,0.77,True,True,False
477,Urban's North Indian Point,Bangalore,Desserts,4.4,330,1106,27,0.78,True,False,True
478,Urban's Mughlai Tales,Kolkata,Cafe,4.1,2660,491,49,0.49,True,False,True
479,Palace's Desserts Junction,Lucknow,Chinese,4.2,4934,474,32,0.63,True,True,True
480,Heritage's Cafe Grill,Hyderabad,Fast Food,4.5,2539,867,35,0.81,True,False,True
481,Cafe House,Mumbai,Italian,3.5,4000,1243,50,0.74,False,False,False
482,Heritage's Chinese Hub,Jaipur,North Indian,3.7,3695,803,27,0.82,False,False,True
483,House's Mexican Bites,Hyderabad,Chinese,2.7,89,1059,52,0.94,True,False,False
484,Classic World,Chennai,Biryani,3.1,4593,751,45,0.61,True,False,True
485,Golden House,Kolkata,Japanese,4.5,1149,708,43,0.87,False,False,False
486,House's South Indian Hub,Ahmedabad,Italian,4.0,2091,922,51,0.55,True,True,True
487,Corner's Thai Hub,Kolkata,Biryani,2.8,2426,980,51,0.8,True,False,False
488,Garden's Chinese Eatery,Mumbai,Desserts,2.8,1541,804,44,0.73,False,True,False
489,Bistro Express,Kolkata,Mexican,3.4,4742,511,38,0.76,False,False,False
490,Corner's South Indian Bites,Bangalore,Mughlai,3.5,1139,1084,39,0.34,True,True,False
491,Fusion Kitchen,Ahmedabad,Biryani,4.2,4100,903,50,0.56,False,True,True
492,Bistro's Street Food Story,Kolkata,South Indian,4.3,202,970,22,0.79,True,True,False
493,Kitchen's North Indian House,Chennai,Continental,3.7,2647,1319,28,0.88,True,True,True
494,Garden's North Indian Spot,Ahmedabad,Mughlai,3.1,3743,726,41,0.81,False,False,False
495,Urban Junction,Pune,North Indian,5.0,3987,627,36,0.92,False,False,False
496,Urban's Italian World,Hyderabad,Desserts,3.5,184,525,45,0.78,True,False,False
497,Taste's Cafe World,Hyderabad,Italian,3.9,558,1147,24,0.72,True,False,False
498,Bistro's Japanese Tales,Delhi,Cafe,4.4,2275,607,55,0.83,True,False,False
499,Spice Express,Hyderabad,Italian,2.4,4858,1243,25,0.93,True,True,True
500,Modern's Chinese World,Jaipur,Italian,3.9,748,965,56,0.52,False,False,True
